Company,Title,Place,Date,Apply
Higher Logic,Senior Front-End Software Engineer (React),No office location,17d ago,https://stackoverflow.com/jobs/566338/?q=react
"Daupler, Inc.",React Front End Developer,"Kansas City, MO",25d ago,https://stackoverflow.com/jobs/523351/?q=react
Higher Logic,Senior Software Engineer (React),"Montreal, QC, Canada",19d ago,https://stackoverflow.com/jobs/536301/?q=react
Supermetrics Oy,React Developer - DWH team,"Helsinki, Finland",16d ago,https://stackoverflow.com/jobs/565838/?q=react
Portland Webworks,Full Stack Java/React Developer,"Portland, ME",11d ago,https://stackoverflow.com/jobs/524803/?q=react
LifeOmic,Software Engineer – React,"Indianapolis, IN",8d ago,https://stackoverflow.com/jobs/519007/?q=react
OOZOU,Full-Stack Javascript Developer (Node.js / React / Next.js),No office location,23d ago,https://stackoverflow.com/jobs/565669/?q=react
Soshace LLC,Frontend React.js Developer (Remote),No office location,25d ago,https://stackoverflow.com/jobs/566207/?q=react
Elinvar GmbH,(Senior) React Frontend Engineer - Core Functionality / all genders,"Berlin, Germany",11d ago,https://stackoverflow.com/jobs/562577/?q=react
Branding Brand,Senior React Engineer / Mobile Software Developer (Remote),No office location,30d ago,https://stackoverflow.com/jobs/546545/?q=react
Dynatrace,(Senior) Frontend Engineer | Angular or React | Barcelona,"Barcelona, Spain",6d ago,https://stackoverflow.com/jobs/559775/?q=react
Supermetrics Oy,Senior React Developer - Excel team,"Helsinki, Finland",23d ago,https://stackoverflow.com/jobs/566250/?q=react
Dé VakantieDiscounter,"Senior Full-Stack Scala Developer | ZIO, Spark, TypeScript, React","Amsterdam, Netherlands",19d ago,https://stackoverflow.com/jobs/524019/?q=react
Prezly,Typescript/React expert (+3 years),No office location,29d ago,https://stackoverflow.com/jobs/546669/?q=react
BET Software,Senior React Developer,"Umhlanga, South Africa",29d ago,https://stackoverflow.com/jobs/562563/?q=react
Cleverlance,React Developer,"Prague, Czechia",10d ago,https://stackoverflow.com/jobs/526993/?q=react
Providus Technologies Limited,React/Javascript Frontend Senior Developer,"Quatre Bornes, Mauritius",17d ago,https://stackoverflow.com/jobs/518632/?q=react
Nozomi Networks,React Software Engineer @ Nozomi Networks,"Mendrisio, Switzerland",28d ago,https://stackoverflow.com/jobs/526403/?q=react
Shypple,Front-end Developer (React),"Rotterdam, Netherlands",13d ago,https://stackoverflow.com/jobs/315697/?q=react
X-Team,React Developer (Remote),No office location,8d ago,https://stackoverflow.com/jobs/534457/?q=react
Cosuno,Full Stack Developer (f/m/x) React & Node.js,"Berlin, Germany",3d ago,https://stackoverflow.com/jobs/354357/?q=react
Arcanys,Javascript Developer - React or Angular or VueJS,No office location,3d ago,https://stackoverflow.com/jobs/551985/?q=react
Dynatrace,(Senior) Full-Stack Web Developer - React | Typescript | Python | Kubernetes,"Wien, Austria",6d ago,https://stackoverflow.com/jobs/559763/?q=react
AIR MILES,Senior Frontend React Developer,"Toronto, ON, Canada",6d ago,https://stackoverflow.com/jobs/539247/?q=react
Sector Labs,Full Stack Engineer (React & Django),"Cluj-Napoca, Romania",18d ago,https://stackoverflow.com/jobs/518486/?q=react
LIQID Investments GmbH,"Senior Frontend Engineer React, vanilla JavaScript, CSS, C3 (m/f/d)","Berlin, Deutschland",26d ago,https://stackoverflow.com/jobs/566193/?q=react
Copado Strategic Services,Senior React Developer | Contractor | Remote,No office location,7d ago,https://stackoverflow.com/jobs/545086/?q=react
"Arista Networks, Inc","Arista Networks is hiring Front End Engineer for Dublin office(JS, React+Redux)","Dublin, Ireland",21d ago,https://stackoverflow.com/jobs/482910/?q=react
"TheoremOne, LLC",Remote Experienced Frontend Engineer - React,No office location,15d ago,https://stackoverflow.com/jobs/562427/?q=react
NETZSCH Process Intelligence GmbH,Frontend Developer (m/w/d) ReactJS,"Selb, Deutschland",29d ago,https://stackoverflow.com/jobs/565601/?q=react
Ziegert EverEstate GmbH,"Senior Developer (React, Node.js) (m/f/d)","Berlin, Deutschland",7d ago,https://stackoverflow.com/jobs/394267/?q=react
Thegreendata,Développeur Elm/Typescript React/Angular (F/H),"Paris, France",8d ago,https://stackoverflow.com/jobs/528472/?q=react
SpekitviaSource Coders,Remote Sr. Frontend Architect (React) - Spekit - High Growth Series B Startup,No office location,9d ago,https://stackoverflow.com/jobs/566439/?q=react
"AVANTGARDE - ""Creating Fans""",*REMOTE* React.js (Node.js) TypeScript FE/FS Engineer (m/f/x)-Global Marketplace,No office location,25d ago,https://stackoverflow.com/jobs/433429/?q=react
StyleSeat,Senior Fullstack Engineer (Python/Django/React)- #12 of Top-100 Marketplaces,No office location,9d ago,https://stackoverflow.com/jobs/561047/?q=react
Dé VakantieDiscounter,"Senior Web Engineer | TypeScript, React.js, Next.js | High Traffic E-commerce","Amsterdam, Netherlands",25d ago,https://stackoverflow.com/jobs/557189/?q=react
objective partner AG,Frontend Entwickler (w/m/d) React / JavaScript - bundesweit & Homeoffice,"Weinheim, Deutschland",13d ago,https://stackoverflow.com/jobs/550884/?q=react
HeidelbergCement AG,Full-Stack Software Engineer (C# + .NET 6 / React + Typescript) (f/m/d),"Heidelberg, Deutschland",7d ago,https://stackoverflow.com/jobs/559624/?q=react
Cosuno,Principal Full Stack Developer (f/m/x) React & Node.js,"Berlin, Germany",3d ago,https://stackoverflow.com/jobs/522359/?q=react
Home Chef,Software Engineer II (Ruby on Rails & React),"Chicago, IL",15d ago,https://stackoverflow.com/jobs/519780/?q=react
LIQID Investments GmbH,"Frontend Engineer React, vanilla JavaScript, CSS (m/f/d)","Berlin, Deutschland",26d ago,https://stackoverflow.com/jobs/566192/?q=react
Pentalog,React Developer - Are you available for the most recognized sports retailer ?,No office location,9d ago,https://stackoverflow.com/jobs/554216/?q=react
Home Chef,Senior Software Engineer (Ruby on Rails & React),No office location,15d ago,https://stackoverflow.com/jobs/519747/?q=react
5 Monkeys Agency ABvia5 Monkeys Agency AB,Frontend developer (NextJS/React) with a passion for open source,"Stockholm, Sweden",8d ago,https://stackoverflow.com/jobs/565995/?q=react
Marketer Technologies AS,Senior Front-end Developer with React.js,"Oslo, Norway",9d ago,https://stackoverflow.com/jobs/541502/?q=react
"AVANTGARDE - ""Creating Fans""",REMOTE Techlead React (TS) Frontend (m/f/x) - Global Marketplace Solution,No office location,21d ago,https://stackoverflow.com/jobs/498049/?q=react
Delivery Hero SE,Senior Software Engineer - ( Nodejs & Reactjs) (Developer Portal) (f/m/d),"Berlin, Germany",11d ago,https://stackoverflow.com/jobs/566414/?q=react
Pentalog,A Full Stack Developer (JS/ React+Java) for a top user-generated travel website,"Guadalajara, Mexico",9d ago,https://stackoverflow.com/jobs/555641/?q=react
hmmh multimediahaus AG,Fullstack Web-Entwickler PHP/React (m/w/d) für E-Commerce Agentur aus Bremen,No office location,26d ago,https://stackoverflow.com/jobs/526714/?q=react
Lone Wolf Technologies,"Sr Full Stack Engineer - US & Canada Remote (.NET core, NoSQL, React, AWS)",No office location,28d ago,https://stackoverflow.com/jobs/523487/?q=react
Zenjob,Fullstack Engineer (f/m/x),"Berlin, Germany",12h ago,https://stackoverflow.com/jobs/552354/?q=react
Soshace LLC,Mobile React Native Developer (Remote),No office location,25d ago,https://stackoverflow.com/jobs/566209/?q=react
"SocialChorus, Inc.",Staff Software Engineer,No office location,7d ago,https://stackoverflow.com/jobs/551470/?q=react
IG Group,Senior Backend Developer,"Kraków, Poland",6d ago,https://stackoverflow.com/jobs/545281/?q=react
Soshace LLC,Node.js Developer (Remote),No office location,25d ago,https://stackoverflow.com/jobs/566208/?q=react
IG Group,Senior iOS Developer (Swift / Objective-C) - Remote,"London, UK",21d ago,https://stackoverflow.com/jobs/530120/?q=react
IG Group,Senior QA Developer,"Kraków, Poland",< 1h ago,https://stackoverflow.com/jobs/533832/?q=react
"SocialChorus, Inc.",Android Engineer,No office location,25d ago,https://stackoverflow.com/jobs/526782/?q=react
Elinvar GmbH,Senior Backend Engineer (all genders),"Berlin, Germany",11d ago,https://stackoverflow.com/jobs/548851/?q=react
"SocialChorus, Inc.",Sr. Full Stack Engineer,No office location,24d ago,https://stackoverflow.com/jobs/523481/?q=react
IG Group,"Senior QA Developer (JavaScript, Selenium)","Kraków, Poland",19d ago,https://stackoverflow.com/jobs/536279/?q=react
IG Group,Java Software Engineer,"London, UK",11d ago,https://stackoverflow.com/jobs/555192/?q=react
Branding Brand,Software Engineering Manager (Remote),No office location,30d ago,https://stackoverflow.com/jobs/546565/?q=react
IG Group,Senior Android Developer,"Kraków, Poland",6d ago,https://stackoverflow.com/jobs/545280/?q=react
IG Group,DevOps Cloud Engineer (Kubernetes) - Remote,No office location,4d ago,https://stackoverflow.com/jobs/532885/?q=react
IG Group,Senior Security Engineer,"London, UK",11d ago,https://stackoverflow.com/jobs/555193/?q=react
IG Group,Platform Operation Engineer,"Kraków, Poland",3d ago,https://stackoverflow.com/jobs/533129/?q=react
queo GmbH,C# Developer für Webanwendungen (w/*/m),"Dresden, Deutschland",28d ago,https://stackoverflow.com/jobs/522414/?q=react
Zenjob,Engineering Manager (f/m/x),"Berlin, Germany",22d ago,https://stackoverflow.com/jobs/553614/?q=react
C2FO,Senior Software Engineer - Full Stack,"Leawood, KS",27d ago,https://stackoverflow.com/jobs/287269/?q=react
Marks & Spencer,Senior Android Developer,"London, UK",14d ago,https://stackoverflow.com/jobs/530799/?q=react
C2FO,Senior Software Engineer - Cards,"Leawood, KS",10d ago,https://stackoverflow.com/jobs/538364/?q=react
Marks & Spencer,Full-Stack Software Engineer,"London, UK",11d ago,https://stackoverflow.com/jobs/530982/?q=react
Zenjob,Senior DevOps Engineer,"Berlin, Germany",12h ago,https://stackoverflow.com/jobs/552356/?q=react
Marks & Spencer,Senior iOS Developer,"London, UK",11d ago,https://stackoverflow.com/jobs/530984/?q=react
"Old Mission Capital, LLC",Full Stack Software Engineer,"Chicago, IL",5d ago,https://stackoverflow.com/jobs/528808/?q=react
AH Technology – Albert Heijn,"Tech Lead Store Replenishment (Cloud,Azure,Oracle,Microservices)","Zaandam, Netherlands",19d ago,https://stackoverflow.com/jobs/566289/?q=react
iubenda,Senior Frontend Developer | JavaScript (Remote),"Milan, Italy",15h ago,https://stackoverflow.com/jobs/565494/?q=react
BillionToOne,Staff Software Engineer,"Menlo Park, CA",27d ago,https://stackoverflow.com/jobs/565619/?q=react
iubenda,Senior Frontend Developer | Vue.js (Remote),"Milan, Italy",15h ago,https://stackoverflow.com/jobs/565495/?q=react
Eterlast,DevOps Engineer (Remote),"Barcelona, Spain",9d ago,https://stackoverflow.com/jobs/563090/?q=react
TX Group,(Senior) Full-Stack Software Engineer for 20 Minuten news platform (f/m/d) 80-10,"Zürich, Switzerland",13d ago,https://stackoverflow.com/jobs/558879/?q=react
Channable,Front-end Developer at a fast-growing scale-up,"Utrecht, Netherlands",9d ago,https://stackoverflow.com/jobs/308755/?q=react
Axsy,React Native - work from home for a cutting-edge UK software startup (UK only),No office location,21d ago,https://stackoverflow.com/jobs/157276/?q=react
Supermetrics Oy,Senior Full-Stack Developer,"Helsinki, Finland",10d ago,https://stackoverflow.com/jobs/565936/?q=react
Crazy Games,Full-stack Typescript Software Engineer,No office location,9d ago,https://stackoverflow.com/jobs/296971/?q=react
Coda Payments,"Senior/Front End Engineer, APAC",No office location,24d ago,https://stackoverflow.com/jobs/557316/?q=react
Automation Consultants,Full-Stack Senior Software Engineer,"Reading, UK",25d ago,https://stackoverflow.com/jobs/516019/?q=react
Octopus Energy,Backend Developer,"London, UK",29d ago,https://stackoverflow.com/jobs/197943/?q=react
NOW Payment Services Provider LLC,Senior Full-Stack Software Engineer,"Dubai, United Arab Emirates",5d ago,https://stackoverflow.com/jobs/559758/?q=react
kaliber.ai,Senior Full Stack Software Engineer,"San Francisco, CA",14d ago,https://stackoverflow.com/jobs/251476/?q=react
HolidayCheck Group AG,Software Engineer – Frontend / Fullstack (m/f/d) remote or on-site,"Munich, Germany",7d ago,https://stackoverflow.com/jobs/297720/?q=react
Evotec SE,"Software Developers for our offices in Berlin, Hamburg, Göttingen or Abingdon","Hamburg, Germany",7d ago,https://stackoverflow.com/jobs/524299/?q=react
zooplus SE,Senior Frontend Software Engineer (m/f/d),"München, Germany",13d ago,https://stackoverflow.com/jobs/524555/?q=react
ByteDance,"Full Stack Software Engineer, Business Integrity",Singapore,25d ago,https://stackoverflow.com/jobs/553099/?q=react
FINN,Frontend Engineer - all levels at sustainable start-up (m/f/x)-Munich or Remote,"München, Germany",9d ago,https://stackoverflow.com/jobs/519612/?q=react
shopware AG,Software Developer Vue.js (m/f/d),"Schöppingen, Deutschland",2d ago,https://stackoverflow.com/jobs/549078/?q=react
code d'azur,"full-stack web developer (node.js, typescript)","Amsterdam, Netherlands",4d ago,https://stackoverflow.com/jobs/522428/?q=react
Cisco MerakiviaSource Coders,Remote Lead Full Stack Engineer - Cisco Meraki,No office location,4d ago,https://stackoverflow.com/jobs/566501/?q=react
AudioValley,Backend Developer,"Paris, France",10d ago,https://stackoverflow.com/jobs/518186/?q=react
Goldbach Group AG,Senior Fullstack Developer for Splicky (DSP) Platform*,"Berlin, Germany",18d ago,https://stackoverflow.com/jobs/565771/?q=react
Automation Consultants,Full-Stack Junior Software Engineer,"Reading, UK",25d ago,https://stackoverflow.com/jobs/516045/?q=react
McD Tech Labs,Front-end Software Engineer,"Mountain View, CA",20d ago,https://stackoverflow.com/jobs/523792/?q=react
C2FO,Senior Backend Software Engineer,"Leawood, KS",28d ago,https://stackoverflow.com/jobs/522851/?q=react
"Volusion, LLC",Software Engineer Manager,"Austin, TX",11h ago,https://stackoverflow.com/jobs/566127/?q=react
Outschool,Experienced Software Engineer,No office location,12d ago,https://stackoverflow.com/jobs/550915/?q=react
AudioValley,Full-Stack Senior Developer,"Paris, France",4d ago,https://stackoverflow.com/jobs/566062/?q=react
Ambient,Remote Fullstack Entwicklerin (m/w/d),"Köln, Deutschland",26d ago,https://stackoverflow.com/jobs/552969/?q=react
X-Team,Full-Stack JavaScript Developer (Remote),No office location,27d ago,https://stackoverflow.com/jobs/534446/?q=react
Arcanys,Software Architect / Code Reviewer / Mentor - Part-time,No office location,23d ago,https://stackoverflow.com/jobs/485542/?q=react
Analytics Fire,"SENIOR FULL-STACK DEV WITH RUBY / PYTHON / REACT NATIVE -- 100% REMOTE, FLEXIBLE",No office location,19d ago,https://stackoverflow.com/jobs/517987/?q=react
ByteDance,"Frontend Software Engineer, Business Integrity",Singapore,25d ago,https://stackoverflow.com/jobs/553035/?q=react
4eyes GmbH,Javascript & PHP Entwickler(in) für spannende Webapplikationen,"Basel, Schweiz",22d ago,https://stackoverflow.com/jobs/420062/?q=react
4.screen GmbH,SENIOR FRONTEND SOFTWARE ENGINEER (F/M/D),"München, Deutschland",11d ago,https://stackoverflow.com/jobs/521008/?q=react
uShip,Senior Software Engineer - React Native,"Austin, TX",13d ago,https://stackoverflow.com/jobs/550764/?q=react
Delivery Hero SE,(Senior) Software Engineer (Angular) - Logistics Vendor (f/m/d),"Berlin, Germany",9d ago,https://stackoverflow.com/jobs/566390/?q=react
Motius GmbH,Fullstack Engineer/ Working student (m/f/d),"München, Deutschland",4d ago,https://stackoverflow.com/jobs/566489/?q=react
HeidelbergCement AG,Lead Full-Stack Software Engineer (Tech Lead) (f/m/d),"Heidelberg, Deutschland",24d ago,https://stackoverflow.com/jobs/557326/?q=react
Hotjar,"Software Engineer, Frontend (EMEA)",No office location,17d ago,https://stackoverflow.com/jobs/566327/?q=react
Gamesys Group,Software Engineer (DevOps) - Cashier,"London, UK",19d ago,https://stackoverflow.com/jobs/566314/?q=react
Elinvar GmbH,(Senior) DevOps Engineer (all genders),"Berlin, Germany",11d ago,https://stackoverflow.com/jobs/549092/?q=react
Houston Astros Baseball R&D,"Full-Stack Developer, Research & Development","Houston, TX",19d ago,https://stackoverflow.com/jobs/536288/?q=react
Captivation Software,Full-Stack Software Engineer,"Fort Meade, MD",5d ago,https://stackoverflow.com/jobs/525427/?q=react
Cosuno,Engineering Manager (f/m/x),"Berlin, Germany",4d ago,https://stackoverflow.com/jobs/550527/?q=react
FINN,Women in Tech - all levels at sustainable start-up (f/x) - Munich or Remote,No office location,9d ago,https://stackoverflow.com/jobs/565648/?q=react
Motius GmbH,Senior Backend Architect (m/f/d),"München, Deutschland",15d ago,https://stackoverflow.com/jobs/565858/?q=react
"Daupler, Inc.","Python Back End Developer (FastAPI, Django, Celery)","Kansas City, MO",25d ago,https://stackoverflow.com/jobs/523350/?q=react
Citymapper,"Software Engineer, Full Stack Web","London, UK",22d ago,https://stackoverflow.com/jobs/517299/?q=react
Spaceteams GmbH,Join the Crew - Ambitious Fullstack Software Engineer (all genders),"Hamburg, Germany",17d ago,https://stackoverflow.com/jobs/554531/?q=react
FINN,Tech Lead Engineering at sustainable start-up (m/f/x) - Munich/Remote,"München, Germany",9d ago,https://stackoverflow.com/jobs/541678/?q=react
ProQuest,Principal Software Engineer,No office location,10d ago,https://stackoverflow.com/jobs/566437/?q=react
Sector Labs,Senior Full Stack Engineer (Remote),No office location,21d ago,https://stackoverflow.com/jobs/517508/?q=react
Slido,Senior Full-Stack Developer (Remote),"Bratislava, Slovakia",15d ago,https://stackoverflow.com/jobs/519749/?q=react
ABOUT YOU SE & Co. KG,Node.js Developer for high-scalable CRM Tool  (m/f/d) - onsite or remote within,No office location,19d ago,https://stackoverflow.com/jobs/236387/?q=react
uShip,Senior Software Engineer,"Austin, TX",11d ago,https://stackoverflow.com/jobs/537938/?q=react
Sector Labs,Senior Full Stack Engineer,"Cluj-Napoca, Romania",21d ago,https://stackoverflow.com/jobs/517510/?q=react
Hubs,Backend Software Engineer - Python,"Amsterdam, Netherlands",19d ago,https://stackoverflow.com/jobs/543394/?q=react
campoint AG,Full-Stack PHP-Entwickler (m/w/d),"Seligenstadt, Deutschland",6d ago,https://stackoverflow.com/jobs/566465/?q=react
Tradeshift,Backend Java Developer,"București, Romania",3d ago,https://stackoverflow.com/jobs/533090/?q=react
The Orchard,Software Engineer,"London, UK",20d ago,https://stackoverflow.com/jobs/543314/?q=react
Which?,Software Engineer,"London, UK",19d ago,https://stackoverflow.com/jobs/524001/?q=react
Octopus Energy,Backend Developer - APIs Team,"London, UK",21h ago,https://stackoverflow.com/jobs/533658/?q=react
Syncro,Engineering Manager (Remote),No office location,2d ago,https://stackoverflow.com/jobs/566517/?q=react
HolidayCheck Group AG,Software Engineer Frontend/Fullstack - Media & Services Hub (m/f/d),"München, Deutschland",10d ago,https://stackoverflow.com/jobs/559404/?q=react
DUG Technology,Front End Software Engineer – HPC Products,"West Perth, Australia",6d ago,https://stackoverflow.com/jobs/528137/?q=react
Relayr,Frontend Engineer (m/f/d),"Katowice, Poland",13d ago,https://stackoverflow.com/jobs/544459/?q=react
SSENSE,Full-Stack Technical Lead,"Montreal, QC, Canada",10d ago,https://stackoverflow.com/jobs/521742/?q=react
SSENSE,Full-Stack Technical Lead,"Austin, TX",10d ago,https://stackoverflow.com/jobs/521737/?q=react
ready2order GmbH,Senior Software Developer (f/m/d),No office location,13d ago,https://stackoverflow.com/jobs/566384/?q=react
atma.io,"Lead Software Engineer, atma.io",No office location,12d ago,https://stackoverflow.com/jobs/566393/?q=react
MerakiviaSource Coders,Fully Remote - Lead Frontend Engineer - Meraki: Dashboard Team,No office location,27d ago,https://stackoverflow.com/jobs/566173/?q=react
ZALORA,Software Engineer - Frontend,"Ho Chi Minh City, Vietnam",17d ago,https://stackoverflow.com/jobs/536783/?q=react
InteractioviaInvest Lithuania,Senior Front-end Developer,"Vilnius, Lithuania",14d ago,https://stackoverflow.com/jobs/543982/?q=react
NN Group N.V.,Full Stack Engineer,"Den Haag, Netherlands",20d ago,https://stackoverflow.com/jobs/557647/?q=react
Sector Labs,Backend Engineer (Python/ Django),"Dubai, United Arab Emirates",18d ago,https://stackoverflow.com/jobs/518496/?q=react
Peek & Cloppenburg,Frontend Developer E-Commerce (m/w/d),"Düsseldorf, Germany",23d ago,https://stackoverflow.com/jobs/565676/?q=react
Chan Zuckerberg Initiative,"Senior Software Engineer (Frontend), Along, Education","Redwood City, CA",8d ago,https://stackoverflow.com/jobs/565976/?q=react
BlueModus,"Senior Web Developer (.NET Web Projects, Fully Remote)",No office location,12d ago,https://stackoverflow.com/jobs/566348/?q=react
Genetec,Senior Full-Stack Web Developer,"Vienna, Austria",18d ago,https://stackoverflow.com/jobs/565772/?q=react
bank99,Software Development Engineer,"Wien, Österreich",4d ago,https://stackoverflow.com/jobs/525695/?q=react
Versatile Natures,Senior Full Stack Engineer,"Tel Aviv-Yafo, Israel",30d ago,https://stackoverflow.com/jobs/513775/?q=react
Platogo Interactive Entertainment GmbH,Senior Hybrid Web-App Developer,"Wien, Austria",9d ago,https://stackoverflow.com/jobs/489573/?q=react
Pento,"Backend Engineer, Integrations & API (Remote , +3/-3 CET hours)",No office location,7d ago,https://stackoverflow.com/jobs/559448/?q=react
German Edge Cloud GmbH & Co. KG,Fullstack Developer (m/w/d),"Limburg an der Lahn, Deutschland",4d ago,https://stackoverflow.com/jobs/539736/?q=react
Adaptavist,Intermediate Software Engineer,"Toronto, ON, Canada",23d ago,https://stackoverflow.com/jobs/565698/?q=react
Reaktor,Software Engineer,"Lisboa, Portugal",24d ago,https://stackoverflow.com/jobs/553136/?q=react
HENNGE K.K.,Front-End Software Engineer,"Tokyo, Japan",24d ago,https://stackoverflow.com/jobs/381280/?q=react
Homegate,Backend Engineer 80-100% (f/m/d),"Berlin, Germany",18d ago,https://stackoverflow.com/jobs/543690/?q=react
zooplus SE,(Senior) Software Engineer - Backend,"Kraków, Poland",3d ago,https://stackoverflow.com/jobs/111052/?q=react
Passio Inc.,Backend Engineer,No office location,11d ago,https://stackoverflow.com/jobs/555177/?q=react
Pento,Backend Engineer (Remote),"Copenhagen, Denmark",14d ago,https://stackoverflow.com/jobs/524395/?q=react
Ailo,Full stack software engineer,"Melbourne, Australia",24d ago,https://stackoverflow.com/jobs/372382/?q=react
SofteqviaInvest Lithuania,Junior JavaScript developer,"Vilnius, Lithuania",14d ago,https://stackoverflow.com/jobs/543978/?q=react
Intel Corporation,Web developer,"Moscow, Russia",16d ago,https://stackoverflow.com/jobs/530450/?q=react
Almanac,Full Stack Engineer (JS + Ruby),"San Francisco, CA",18d ago,https://stackoverflow.com/jobs/371120/?q=react
BlueModus,"Solution Lead (.NET Web Projects, Fully Remote)",No office location,12d ago,https://stackoverflow.com/jobs/566347/?q=react
"Jack Henry & Associates, Inc.®",Lead Software Engineer – Cloud Platform Frontend,No office location,16d ago,https://stackoverflow.com/jobs/558525/?q=react
Night Market,Senior Full Stack Engineer (Python/JavaScript),No office location,8d ago,https://stackoverflow.com/jobs/566448/?q=react
Night Market,Full Stack Engineer (Mid-level - Python/JavaScript),No office location,8d ago,https://stackoverflow.com/jobs/566449/?q=react
Chan Zuckerberg Initiative,"Staff Software Engineer, Along, Education","Redwood City, CA",6d ago,https://stackoverflow.com/jobs/565331/?q=react
Tradeshift,Senior Fullstack Engineer,"Bucharest, Romania",22h ago,https://stackoverflow.com/jobs/530234/?q=react
SupplyOn AG,Senior Full-Stack Developer (m/f/d) in Dresden,"Dresden, Deutschland",22d ago,https://stackoverflow.com/jobs/529924/?q=react
ByteDance,"Frontend Software Engineer, Customer Service Platform",Singapore,25d ago,https://stackoverflow.com/jobs/541573/?q=react
"G2.com, Inc.",Senior Software Engineer,"Chicago, IL",27d ago,https://stackoverflow.com/jobs/529392/?q=react
Pixida GmbH,Frontend Developer (m/f/d),"München, Deutschland",20d ago,https://stackoverflow.com/jobs/566267/?q=react
ti&m AG,Senior Software Engineer Web Front-end,"Bern, Schweiz",5d ago,https://stackoverflow.com/jobs/522271/?q=react
Versus Systems,"Senior Software Engineer, Elixir",No office location,26d ago,https://stackoverflow.com/jobs/556907/?q=react
SoftwareONE Deutschland GmbH,Software Developer (gn) C# / .NET,"Leipzig, Germany",30d ago,https://stackoverflow.com/jobs/526078/?q=react
Gamesys Group,Front End Developer - Marketing Development,"London, UK",19d ago,https://stackoverflow.com/jobs/566288/?q=react
publicplan,Senior Frontend Entwickler (m/w/d) - 100 % Remote möglich!,No office location,2d ago,https://stackoverflow.com/jobs/552131/?q=react
ti&m AG,Senior Software Engineer Web Front-end,"Zürich, Schweiz",5d ago,https://stackoverflow.com/jobs/522252/?q=react
ti&m AG,Senior Software Engineer Web-Front-end / .NET,"Zürich, Schweiz",5d ago,https://stackoverflow.com/jobs/522251/?q=react
Chan Zuckerberg Initiative,"Software Engineer, Notebooks, Education","Redwood City, CA",6d ago,https://stackoverflow.com/jobs/565329/?q=react
Didomi,Senior Javascript Full-stack Engineer,"Paris, France",8d ago,https://stackoverflow.com/jobs/520680/?q=react
MarketAxess Holdings Inc.,Associate Software Engineer,"New York, NY",6d ago,https://stackoverflow.com/jobs/566038/?q=react
Photobooth Supply Co,Mid/Senior React Native Developer,"Santa Ana, CA",18d ago,https://stackoverflow.com/jobs/565782/?q=react
Delivery Hero SE,Senior Fullstack Engineer (Identity Management Team) (f/m/d),"Berlin, Germany",28d ago,https://stackoverflow.com/jobs/560700/?q=react
Relayr,Full Stack Engineer (m/f/d),"Berlin, Germany",13d ago,https://stackoverflow.com/jobs/544458/?q=react
MarketAxess Holdings Inc.,"Senior Software Engineer, US Credit Trading - Java/Cloud","New York, NY",5d ago,https://stackoverflow.com/jobs/555970/?q=react
MUFG,Java Developer,"New York, NY",8d ago,https://stackoverflow.com/jobs/559436/?q=react
econify,"Senior NodeJS Engineer - NY, LA, Seattle (contract)","Seattle, WA",21d ago,https://stackoverflow.com/jobs/270802/?q=react
ZenitechviaInvest Lithuania,JavaScript Software Engineer / Contract,"Vilnius, Lithuania",4d ago,https://stackoverflow.com/jobs/556108/?q=react
Gardena GmbH,"Frontend Software Entwickler Smart Irrigation, IoT/Garten-Geräte (m/w/d) 100%","Zürich, Switzerland",8d ago,https://stackoverflow.com/jobs/531444/?q=react
Fullscript,"Senior Ruby Engineer, Product",No office location,2d ago,https://stackoverflow.com/jobs/566519/?q=react
Market Resource Partners,Full Stack Developer,No office location,7d ago,https://stackoverflow.com/jobs/565998/?q=react
Pragmateam,"Lead Polyglot Software Engineers – TDD, XP, JavaScript","Sydney, Australia",27d ago,https://stackoverflow.com/jobs/519292/?q=react
Mimecast,Senior Java Fullstack Developer: contribute E2E from server side to API & the UI,"London, UK",12d ago,https://stackoverflow.com/jobs/415192/?q=react
Odoo,Software Engineer,"Ciudad de México, Mexico",25d ago,https://stackoverflow.com/jobs/472421/?q=react
econify,"NodeJS Engineer - NYC (or Seattle, LA)","New York, NY",21d ago,https://stackoverflow.com/jobs/283490/?q=react
Relayr,Full Stack Engineer (m/f/d),"Katowice, Poland",13d ago,https://stackoverflow.com/jobs/544460/?q=react
Magnolia International Ltd.,Frontend Developer / Headless Expert,No office location,5d ago,https://stackoverflow.com/jobs/525573/?q=react
Audi Business Innovation GmbH,Werkstudent/in Full Stack Developer (m/w/d),"München, Germany",3d ago,https://stackoverflow.com/jobs/565967/?q=react
"Volusion, LLC",DevOps Engineer - Location Flexible,"Austin, TX",5d ago,https://stackoverflow.com/jobs/449663/?q=react
Signal AI,Web Engineer,"London, UK",27d ago,https://stackoverflow.com/jobs/273615/?q=react
Which?,Senior Front End Developer,"London, UK",27d ago,https://stackoverflow.com/jobs/524732/?q=react
NN Group N.V.,Engineering Manager,"Den Haag, Netherlands",20d ago,https://stackoverflow.com/jobs/557648/?q=react
Esri,JavaScript Developer - Location Analytics,"Redlands, CA",6d ago,https://stackoverflow.com/jobs/396325/?q=react
LifeOmic,"Senior Software Engineer – AWS, NodeJS, Serverless","Indianapolis, IN",8d ago,https://stackoverflow.com/jobs/519002/?q=react
Fullscript,"Senior Ruby Engineer, Core",No office location,2d ago,https://stackoverflow.com/jobs/566518/?q=react
Photobooth Supply Co,Mid/Senior Mobile Engineer - iOS,"Santa Ana, CA",22d ago,https://stackoverflow.com/jobs/565702/?q=react
Cleverlance,Java EE Developer,"Prague, Czechia",10d ago,https://stackoverflow.com/jobs/558418/?q=react
ti&m AG,Senior Software Engineer Java (m/w/d),"Frankfurt am Main, Deutschland",24d ago,https://stackoverflow.com/jobs/548441/?q=react
Spaceteams GmbH,Join the Crew - Passionate Senior Software Engineer,"Hamburg, Germany",11d ago,https://stackoverflow.com/jobs/555273/?q=react
Evotec SE,"Senior Software Developer/Team Leader in Berlin, Hamburg, Göttingen or Abingdon","Berlin, Germany",7d ago,https://stackoverflow.com/jobs/550234/?q=react
Esri,Geo Data Visualization Front-End Developer,"Arlington, VA",6d ago,https://stackoverflow.com/jobs/566041/?q=react
SQUAD,Frontend Engineer,"Kyiv, Ukraine",19d ago,https://stackoverflow.com/jobs/518176/?q=react
Market Resource Partners,Full Stack Developer,No office location,7d ago,https://stackoverflow.com/jobs/566002/?q=react
SBAB Bank,Fullstack Developer,"Karlstad, Sweden",26d ago,https://stackoverflow.com/jobs/561015/?q=react
TX Group,"Front End Lead, Content Management Platform (f/m) 80-100%","Zürich, Switzerland",14d ago,https://stackoverflow.com/jobs/550699/?q=react
Nebulab,Senior Frontend Engineer (Remote),No office location,28d ago,https://stackoverflow.com/jobs/541099/?q=react
Singapore Innovate Pte. Ltd,Software Full Stack Engineer,Singapore,29d ago,https://stackoverflow.com/jobs/565596/?q=react
Slido,Senior DevOps Engineer (Remote),No office location,15d ago,https://stackoverflow.com/jobs/519933/?q=react
SBAB Bank,Full-stack Developer,"Solna, Sweden",26d ago,https://stackoverflow.com/jobs/526710/?q=react
HOMELIKE INTERNET GmbH,Senior Backend Developer (f/m/d),"Köln, Deutschland",3d ago,https://stackoverflow.com/jobs/522556/?q=react
AIR MILES,Senior AEM Developer,"Toronto, ON, Canada",6d ago,https://stackoverflow.com/jobs/539248/?q=react
X-Team,PHP Developer (Remote),No office location,27d ago,https://stackoverflow.com/jobs/534453/?q=react
Digital4Better,Développeur Angular / Java,"Paris, France",25d ago,https://stackoverflow.com/jobs/515925/?q=react
SyncSmart.io (by LyntonWeb.com),Lead Frontend Engineer,No office location,15d ago,https://stackoverflow.com/jobs/519814/?q=react
TX Group,Mobile Engineer* (iOS or Android) 80-100%,"Zürich, Switzerland",20d ago,https://stackoverflow.com/jobs/566269/?q=react
Reaktor,Senior Front-end Engineer,"Lisboa, Portugal",18d ago,https://stackoverflow.com/jobs/554381/?q=react
Insiders Technologies GmbH,FULL STACK DEVELOPER (M/W/D),"Kaiserslautern, Deutschland",8d ago,https://stackoverflow.com/jobs/565988/?q=react
ti&m AG,Software Engineer - Web Front-end Product Development,"Zürich, Schweiz",5d ago,https://stackoverflow.com/jobs/522335/?q=react
Pollen,Senior Frontend Engineer,"London, UK",13d ago,https://stackoverflow.com/jobs/524601/?q=react
ti&m AG,Passionate Talent in Engineering,"Zürich, Schweiz",4d ago,https://stackoverflow.com/jobs/522403/?q=react
Almanac,Sr. Full Stack Engineer (JS + Ruby),No office location,19d ago,https://stackoverflow.com/jobs/543500/?q=react
kevinviaInvest Lithuania,Full Stack Developer (JavaScript),"Vilnius, Lithuania",14d ago,https://stackoverflow.com/jobs/543985/?q=react
Elisa Polystar,"Full Stack Developer, Automation Engine","Helsinki, Finland",14d ago,https://stackoverflow.com/jobs/558730/?q=react
Mixam,Front-End Engineer,"Watford, UK",19d ago,https://stackoverflow.com/jobs/523992/?q=react
MARC O'POLO International GmbH,Developer Frontend/ Backend/ Fullstack m/w/d,"Stephanskirchen, Deutschland",15d ago,https://stackoverflow.com/jobs/519513/?q=react
Pragmateam,"Remote Polyglot Software Engineer – TDD, XP, JavaScript",No office location,12d ago,https://stackoverflow.com/jobs/523004/?q=react
Delivery Hero SE,"Engineering Manager, Front End (f/m/d) - Fintech","Berlin, Germany",10d ago,https://stackoverflow.com/jobs/565908/?q=react
Esri,Web Developer - Apps Team,"Portland, ME",6d ago,https://stackoverflow.com/jobs/566045/?q=react
Nets Group,(Senior) Java Frontend Developer (m/w/d),"Eschborn, Germany",25d ago,https://stackoverflow.com/jobs/557194/?q=react
Ogury,JavaScript Developer,"Paris, France",17d ago,https://stackoverflow.com/jobs/519021/?q=react
CA Customer Alliance GmbH,Senior Full Stack Developer - PHP and VueJS (f/m/d),No office location,19d ago,https://stackoverflow.com/jobs/528320/?q=react
Open Systems AG,Senior Frontend Engineer,"Zürich, Switzerland",27d ago,https://stackoverflow.com/jobs/521998/?q=react
camunda,"Senior Frontend Engineer, Cawemo Team - EMEA",No office location,25d ago,https://stackoverflow.com/jobs/553117/?q=react
Evotec SE,Senior Test Automation Engineer (f/m/d),"Göttingen, Germany",7d ago,https://stackoverflow.com/jobs/561035/?q=react
RheinEnergie AG,Frontend Developer (m/w/d),"Köln, Deutschland",13d ago,https://stackoverflow.com/jobs/506045/?q=react
BuySellAds,Senior Ruby on Rails Developer (Remote),No office location,22d ago,https://stackoverflow.com/jobs/566258/?q=react
Accenture Romania,Senior JavaScript Developer,"Bucharest, Romania",5d ago,https://stackoverflow.com/jobs/525564/?q=react
ifm-Unternehmensgruppe,Senior Webentwickler Javascript – Web E-Commerce (m/w/d),"Essen, Deutschland",7d ago,https://stackoverflow.com/jobs/566012/?q=react
Flowable,Java Full-Stack Developer,"Zürich, Schweiz",14d ago,https://stackoverflow.com/jobs/516881/?q=react
Ensign InfoSecurity (Cybersecurity) Pte Ltd,Full Stack Developer,Singapore,27d ago,https://stackoverflow.com/jobs/534276/?q=react
Pento,Senior Frontend Engineer,No office location,7d ago,https://stackoverflow.com/jobs/564685/?q=react
Picnic,React Native Engineer,"Amsterdam, Netherlands",6d ago,https://stackoverflow.com/jobs/174497/?q=react
INNOSYSTEC GmbH,Softwareentwickler (m/w/d) für mittelständisches agiles Softwareunternehmen,"Salem, Deutschland",17d ago,https://stackoverflow.com/jobs/517305/?q=react
eBay,Senior Software Engineer,"London, UK",11d ago,https://stackoverflow.com/jobs/559170/?q=react
Houston Astros Baseball R&D,"Front-End Developer, Research & Development","Houston, TX",25d ago,https://stackoverflow.com/jobs/534755/?q=react
MarketAxess Holdings Inc.,Senior Software Engineer - US Credit Trading,"New York, NY",5d ago,https://stackoverflow.com/jobs/555969/?q=react
IMC Trading,Java Software Engineer,"Amsterdam, Netherlands",30d ago,https://stackoverflow.com/jobs/122570/?q=react
UNIQA Raiffeisen Software Service Kft.,"Full-Stack fejlesztő (Angular, Java)","Budapest, Ungarn",26d ago,https://stackoverflow.com/jobs/515488/?q=react
Impala,Backend Software Engineer,No office location,22d ago,https://stackoverflow.com/jobs/553591/?q=react
Trusted Shops GmbH,Frontend Developer (f/m/d),"Köln, Deutschland",3d ago,https://stackoverflow.com/jobs/566081/?q=react
Peek & Cloppenburg,Developer Node.js (m/w/d),"Düsseldorf, Germany",23d ago,https://stackoverflow.com/jobs/565673/?q=react
Innovattic,Front-end web developer to make digital solutions for social challenges,"Delft, Netherlands",30d ago,https://stackoverflow.com/jobs/529137/?q=react
Octopus Energy,Frontend Developer,"London, UK",21h ago,https://stackoverflow.com/jobs/533659/?q=react
bbv Software Services AG,Senior Webentwickler/in (80-100%),"Zürich, Schweiz",30d ago,https://stackoverflow.com/jobs/431192/?q=react
eBay,Senior Full-Stack Developer,"Amsterdam, Netherlands",11d ago,https://stackoverflow.com/jobs/541472/?q=react
Stardog Union,"Senior Software Engineer, Front End",No office location,25d ago,https://stackoverflow.com/jobs/566210/?q=react
CASERIS GmbH,Software-Entwickler (w/m/d),"Stolberg, Deutschland",17h ago,https://stackoverflow.com/jobs/566118/?q=react
hmmh multimediahaus AG,Frontend Developer - Angular /m/w/d),"Bremen, Deutschland",12d ago,https://stackoverflow.com/jobs/528287/?q=react
Personio,Frontend Engineer - Payroll Domain - Dublin or Ireland Remote,"Dublin, Ireland",15d ago,https://stackoverflow.com/jobs/565843/?q=react
Derivco.,Senior Full-Stack Developer,"Umhlanga, South Africa",4d ago,https://stackoverflow.com/jobs/528652/?q=react
Wizeline,Software Engineer (Python AWS),"Phường 12 (Quận 10), Vietnam",13d ago,https://stackoverflow.com/jobs/487852/?q=react
Bolinda Labs GmbH,"Backend Entwickler (m/w/d) mit Spring Boot, Java 11, AWS und Docker gesucht","Darmstadt, Deutschland",2d ago,https://stackoverflow.com/jobs/264821/?q=react
STAR COOPERATION GmbH,Java Entwickler (m/w/d),"Böblingen, Deutschland",4d ago,https://stackoverflow.com/jobs/566498/?q=react
emerchantpay,Senior Backend Developer - ruby/rails,No office location,16d ago,https://stackoverflow.com/jobs/519486/?q=react
AIR MILES,Senior Java Web Developer,"Toronto, ON, Canada",6d ago,https://stackoverflow.com/jobs/539245/?q=react
Slido,Web Developer - Slido,"Bratislava, Slovakia",13h ago,https://stackoverflow.com/jobs/566126/?q=react
Octopus Deploy,"Senior Software Engineer -  Remote (within Australia, New Zealand)",No office location,10d ago,https://stackoverflow.com/jobs/566426/?q=react
"AVANTGARDE - ""Creating Fans""","*REMOTE* Principal Engineer Kotlin / Java (High-Load Marketplace, m/f/x)",No office location,21d ago,https://stackoverflow.com/jobs/550244/?q=react
MSCI,Senior Frontend Developer,"Budapest, Hungary",23d ago,https://stackoverflow.com/jobs/553439/?q=react
QuantCo,Frontend Engineer (m/w/d),"Karlsruhe, Deutschland",26d ago,https://stackoverflow.com/jobs/553014/?q=react
ti&m AG,Senior Software Engineer Java / Kotlin,"Zürich, Schweiz",5d ago,https://stackoverflow.com/jobs/522269/?q=react
ti&m AG,Senior Software Engineer - Products Back-end Engineering,"Zürich, Schweiz",5d ago,https://stackoverflow.com/jobs/522253/?q=react
Bitfinex,Remote Senior Front End Developer,No office location,5d ago,https://stackoverflow.com/jobs/528797/?q=react
Olo,Software Engineer - Full Stack (Mid-Senior),No office location,15d ago,https://stackoverflow.com/jobs/448572/?q=react
code d'azur,frontend web developer,"Amsterdam, Netherlands",3d ago,https://stackoverflow.com/jobs/522614/?q=react
ti&m AG,Senior Software Engineer Java,"Bern, Schweiz",5d ago,https://stackoverflow.com/jobs/522273/?q=react
LBi Software,JAVA Full Stack Web Application Developer – Entry Level & Internships,"Melville, NY",8d ago,https://stackoverflow.com/jobs/521892/?q=react
objective partner AG,Java Fullstack Entwickler (w/m/d) - bundesweit & Homeoffice,"Weinheim, Deutschland",13d ago,https://stackoverflow.com/jobs/550879/?q=react
AIR MILES,Senior Fullstack Developer,"Toronto, ON, Canada",6d ago,https://stackoverflow.com/jobs/539244/?q=react
"AVANTGARDE - ""Creating Fans""",Senior Java Engineer (m/f/x) Payment Platform Global Marketplace,"München, Deutschland",25d ago,https://stackoverflow.com/jobs/425377/?q=react
ilum:e informatik AG,Senior Web Entwickler (m/w/d),No office location,20d ago,https://stackoverflow.com/jobs/566266/?q=react
ti&m AG,Senior Application Engineer,"Zürich, Schweiz",5d ago,https://stackoverflow.com/jobs/522311/?q=react
Homegate,Frontend Engineer 80-100% (f/m/d),"Berlin, Germany",21d ago,https://stackoverflow.com/jobs/543689/?q=react
Mediavine,Senior PHP Engineer,No office location,22d ago,https://stackoverflow.com/jobs/529890/?q=react
bbv Software Services AG,Senior Java Software-Ingenieur/in (80-100%),"Zürich, Schweiz",30d ago,https://stackoverflow.com/jobs/379657/?q=react
ABOUT YOU SE & Co. KG,Dart/ Flutter Developer (m/f/d) - Shop Applications - onsite or remote within EU,"Hamburg, Deutschland",18d ago,https://stackoverflow.com/jobs/351153/?q=react
Checkmarx,Full Stack Developer,"Braga, Portugal",8d ago,https://stackoverflow.com/jobs/531560/?q=react
SoftwareONE Deutschland GmbH,Software Developer (gn) Java,"Leipzig, Germany",30d ago,https://stackoverflow.com/jobs/526079/?q=react
Zattoo,Full Stack Engineer,"Berlin, Germany",21d ago,https://stackoverflow.com/jobs/565749/?q=react
Octopus Deploy,"Lead Software Engineer - Remote (within Australia, New Zealand)",No office location,10d ago,https://stackoverflow.com/jobs/566425/?q=react
ti&m AG,Senior Software Engineer Java EE,"Zürich, Schweiz",5d ago,https://stackoverflow.com/jobs/522274/?q=react
Mediavine,Senior Ruby on Rails Engineer,No office location,22d ago,https://stackoverflow.com/jobs/529888/?q=react
Trusted Shops GmbH,Fullstack Developer (f/m/d),"Köln, Deutschland",27d ago,https://stackoverflow.com/jobs/556894/?q=react
Fullscript,Senior JavaScript Engineer (Canada Remote),No office location,2d ago,https://stackoverflow.com/jobs/566520/?q=react
Curotec,Senior WordPress Developer,No office location,9d ago,https://stackoverflow.com/jobs/550906/?q=react
Personio,Senior Frontend Engineer - Employee Performance & Development (f/m/d),"Madrid, Spain",11d ago,https://stackoverflow.com/jobs/336428/?q=react
Method Park,Software-Entwickler & Software-Architekt (m/w/d),"München, Deutschland",23d ago,https://stackoverflow.com/jobs/548553/?q=react
X-Team,WordPress Developer (Remote),No office location,27d ago,https://stackoverflow.com/jobs/534463/?q=react
Jobandtalent,Frontend Developer,"Madrid, Spain",20h ago,https://stackoverflow.com/jobs/533664/?q=react
Forge,Senior/Staff Full Stack Engineer (Ruby on Rails),"Denver, CO",20d ago,https://stackoverflow.com/jobs/523832/?q=react
UNIQA Raiffeisen Software Service Kft.,Senior Java fejlesztő,"Budapest, Ungarn",26d ago,https://stackoverflow.com/jobs/515490/?q=react
Deloitte Deutschland,Senior Frontend Developer (m/w/d) - Experience Design & Mobile,"Düsseldorf, Deutschland",17h ago,https://stackoverflow.com/jobs/533735/?q=react
DUG Technology,Web Systems Engineer - HPC Products,"West Perth, Australia",6d ago,https://stackoverflow.com/jobs/528138/?q=react
Which?,Software Developer in Test,"London, UK",27d ago,https://stackoverflow.com/jobs/556887/?q=react
Mirego,Fullstack Web Developer,"Quebec City, QC, Canada",5h ago,https://stackoverflow.com/jobs/513028/?q=react
Portland Webworks,UX Developer,"Portland, ME",15d ago,https://stackoverflow.com/jobs/524306/?q=react
Supermetrics Oy,Developer Advocate,"Helsinki, Finland",2d ago,https://stackoverflow.com/jobs/566093/?q=react
Forge,Senior/Staff Full Stack Engineer (Ruby on Rails),"San Francisco, CA",5d ago,https://stackoverflow.com/jobs/525442/?q=react
MUFG,Software Engineer,"Charlotte, NC",8d ago,https://stackoverflow.com/jobs/559421/?q=react
"AVANTGARDE - ""Creating Fans""",Senior Java / Kotlin Engineer (m/f/x) Order Master (High-Load Marketplace),No office location,17d ago,https://stackoverflow.com/jobs/536837/?q=react
Intel Corporation,Firmware/Software Architect,"Jerusalem, Israel",6d ago,https://stackoverflow.com/jobs/539163/?q=react
WBS Gruppe,LEAD INSTRUCTOR - WEB DEVELOPMENT [full time | hybrid],No office location,3d ago,https://stackoverflow.com/jobs/556317/?q=react
ti&m AG,Senior Software Engineer .NET (m/w/d),"Frankfurt am Main, Deutschland",5d ago,https://stackoverflow.com/jobs/522249/?q=react
AutoRek,Senior Full Stack Developer,"Edinburgh, UK",17d ago,https://stackoverflow.com/jobs/520638/?q=react
EVS llc,Senior Developer,"Westminster, CO",15h ago,https://stackoverflow.com/jobs/529103/?q=react
aklamio,Engineering Manager,"Berlin, Germany",8d ago,https://stackoverflow.com/jobs/551411/?q=react
Supermetrics Oy,Node.js Developer,No office location,2d ago,https://stackoverflow.com/jobs/566096/?q=react
MARC O'POLO International GmbH,Frontend Developer m/w/d,"Stephanskirchen, Deutschland",27d ago,https://stackoverflow.com/jobs/534473/?q=react
Leaf Logistics,Lead Frontend Engineer,No office location,17d ago,https://stackoverflow.com/jobs/201704/?q=react
Envato Mexico,FullStack Developer,No office location,28d ago,https://stackoverflow.com/jobs/524890/?q=react
ti&m AG,DevOps Engineer Application Management,"Zürich, Schweiz",5d ago,https://stackoverflow.com/jobs/522266/?q=react
Deloitte Deutschland,Solution Architect - Prototyping (m/w/d) Tax & Legal Garage,"Düsseldorf, Deutschland",30d ago,https://stackoverflow.com/jobs/534020/?q=react
Hogia,.NET utvecklare till Hogia,"Stenungsund, Sweden",24d ago,https://stackoverflow.com/jobs/529521/?q=react
ti&m AG,Solution Architect Web Platforms,"Zürich, Schweiz",5d ago,https://stackoverflow.com/jobs/522338/?q=react
Rakettitiede,Full Stack Developer,"Helsinki, Finland",2d ago,https://stackoverflow.com/jobs/522743/?q=react
Innofactor Plc,Azure Full Stack Developer,"Espoo, Finland",22d ago,https://stackoverflow.com/jobs/517279/?q=react
Personio,Frontend Engineer - HR Management,"Dublin, Ireland",19d ago,https://stackoverflow.com/jobs/554261/?q=react
Pollen,Senior Backend Engineer,"London, UK",3d ago,https://stackoverflow.com/jobs/522622/?q=react
roadsurfer GmbH,Fullstack Professional with PHP/Symfony 4 & vue.js experience,"München, Deutschland",26d ago,https://stackoverflow.com/jobs/497587/?q=react
"Orion Advisor Solutions, Inc.",Create the Future of Orion Planning - ASP.Net - 100% Remote US  ONLY,No office location,3d ago,https://stackoverflow.com/jobs/566082/?q=react
Tradeshift,Senior Full-Stack Engineer with Node.js - Tradeshift Go,"Bucharest, Romania",23d ago,https://stackoverflow.com/jobs/526924/?q=react
CGI Suomi,"Sovelluskehittäjä, Liikenteen yksikkö","Helsinki, Finland",21d ago,https://stackoverflow.com/jobs/561552/?q=react
Vodafone,Lead Software Engineer,"London, UK",3d ago,https://stackoverflow.com/jobs/533128/?q=react
Nets Group,(Senior) Java Backend Developer (m/w/d),"Eschborn, Germany",25d ago,https://stackoverflow.com/jobs/557193/?q=react
The Focusrite Group,Full Stack Developer,"London, UK",26d ago,https://stackoverflow.com/jobs/566176/?q=react
WBS Gruppe,LEAD INSTRUCTOR - WEB DEVELOPMENT [full time | German speaking | hybrid],No office location,27d ago,https://stackoverflow.com/jobs/529169/?q=react
Synthace Ltd.,"Principal Software Engineer, Visual Interfaces (Front End / Full Stack) - London","London, UK",17d ago,https://stackoverflow.com/jobs/554537/?q=react
Syncro,"Principal Software Engineer, Ruby on Rails (Remote)",No office location,27d ago,https://stackoverflow.com/jobs/556781/?q=react
Relayr,Junior Backend Engineer (m/f/d),"Katowice, Poland",7d ago,https://stackoverflow.com/jobs/551592/?q=react
Intel Corporation,Toolchain Development Engineer,"Bengaluru, India",5d ago,https://stackoverflow.com/jobs/539299/?q=react
Compucorp,Senior Symfony/PHP Engineer,"London, UK",24d ago,https://stackoverflow.com/jobs/566238/?q=react
Homegate,Fullstack Engineer 80-100% (f/m/d),No office location,18d ago,https://stackoverflow.com/jobs/543686/?q=react
"Betterup, Inc.",Front End Engineer,No office location,24d ago,https://stackoverflow.com/jobs/523559/?q=react
Which?,Tech Lead,"London, UK",27d ago,https://stackoverflow.com/jobs/553253/?q=react
Gamesys Group,Development Team Lead - Platform,"London, UK",18d ago,https://stackoverflow.com/jobs/566316/?q=react
SoftwareONE Deutschland GmbH,Software Development Architect (gn) C# / .NET,"Leipzig, Germany",30d ago,https://stackoverflow.com/jobs/526080/?q=react
Self Decode,Senior DevOps Engineer,No office location,2d ago,https://stackoverflow.com/jobs/566516/?q=react
Self Decode,Senior DevOps Engineer,No office location,17d ago,https://stackoverflow.com/jobs/566351/?q=react
Insites Digital,Front End Developer,"Hitchin, UK",9d ago,https://stackoverflow.com/jobs/531167/?q=react
Stile Education,Software Engineer: Full Stack,"Melbourne, Australia",25d ago,https://stackoverflow.com/jobs/566215/?q=react
Personio,Frontend Engineer - Payroll Domain (f/m/d),"Madrid, Spain",8d ago,https://stackoverflow.com/jobs/565996/?q=react
Relayr,Technical Lead,"Chicago, IL",18d ago,https://stackoverflow.com/jobs/528608/?q=react
SoftwareONE Deutschland GmbH,Software Development Architect/Lead Developer (gn) Java,"Leipzig, Germany",30d ago,https://stackoverflow.com/jobs/526082/?q=react
SupplyOn AG,System Architect (m/f/d) for Cloud Solutions,"Dresden, Deutschland",21d ago,https://stackoverflow.com/jobs/549094/?q=react
Audi Business Innovation GmbH,Senior Java Developer (m/f/d),"München, Germany",9d ago,https://stackoverflow.com/jobs/563096/?q=react
Personio,Senior Frontend Engineer - Employee Performance & Development,"Amsterdam, Netherlands",9d ago,https://stackoverflow.com/jobs/551287/?q=react
Didomi,Senior Data Engineer - Remote,"Paris, France",21d ago,https://stackoverflow.com/jobs/557607/?q=react
Self Decode,DevOps Manager/Architect,No office location,26d ago,https://stackoverflow.com/jobs/557000/?q=react
AMBOSS,Senior Frontend Engineer,"Berlin, Germany",19d ago,https://stackoverflow.com/jobs/558018/?q=react
Audi Business Innovation GmbH,Full Stack Developer Audi Commerce Platform (m/f/d),"München, Germany",9d ago,https://stackoverflow.com/jobs/563095/?q=react
Soundtrack Your Brand,Backend Developer - Business Systems / Content Services,"Stockholm, Sweden",3d ago,https://stackoverflow.com/jobs/512053/?q=react
Gamesys Group,Senior Android Developer,"Toronto, ON, Canada",6d ago,https://stackoverflow.com/jobs/565278/?q=react
Administrate,Senior Software Engineer,"Edinburgh, UK",28d ago,https://stackoverflow.com/jobs/522939/?q=react
Supermetrics Oy,Senior DevOps Engineer,No office location,14d ago,https://stackoverflow.com/jobs/565891/?q=react
eBay,Senior Front-end Software Engineer,"London, UK",15d ago,https://stackoverflow.com/jobs/565862/?q=react
iFit,Full Stack Developer,No office location,9d ago,https://stackoverflow.com/jobs/551202/?q=react
Pinnacle 21,Frontend (UX) Engineer,No office location,25d ago,https://stackoverflow.com/jobs/561044/?q=react
SpekitviaSource Coders,Data Engineering Manager - Spekit - High Growth Series A Startup,No office location,2d ago,https://stackoverflow.com/jobs/566523/?q=react
Administrate,Senior Software Engineer,No office location,28d ago,https://stackoverflow.com/jobs/522940/?q=react
AMBOSS,Senior Fullstack Engineer,"Berlin, Germany",20d ago,https://stackoverflow.com/jobs/557771/?q=react
Administrate,Senior Software Engineer,No office location,28d ago,https://stackoverflow.com/jobs/522941/?q=react
eBay,Senior Engineering Manager,"London, UK",24d ago,https://stackoverflow.com/jobs/566241/?q=react
AutoTrader,Data Scientist,"Toronto, ON, Canada",2d ago,https://stackoverflow.com/jobs/529015/?q=react
Relayr,Senior QA Engineer (m/f/d),"Berlin, Germany",20d ago,https://stackoverflow.com/jobs/561711/?q=react
MUFG,"Applications Support Specialist, Salesforce -- Associate","New York, NY",8d ago,https://stackoverflow.com/jobs/559438/?q=react
Impala,Engineering Manager,No office location,5d ago,https://stackoverflow.com/jobs/555932/?q=react
"Old Mission Capital, LLC",Python Software Engineer (Quant Trading Firm),"Chicago, IL",5d ago,https://stackoverflow.com/jobs/528807/?q=react
Impala,Engineering Manager,No office location,22d ago,https://stackoverflow.com/jobs/553590/?q=react
Insites Digital,Senior Javascript Developer / Tech Lead,"Hitchin, UK",9d ago,https://stackoverflow.com/jobs/531166/?q=react
MUFG,Modern Infrastructure and Security Architect - Remote - Vice President -SRE,No office location,19d ago,https://stackoverflow.com/jobs/566303/?q=react
Outschool,Security Engineer,No office location,16d ago,https://stackoverflow.com/jobs/566357/?q=react
MUFG,Sr. Software Engineer (Full stack Java),"Charlotte, NC",8d ago,https://stackoverflow.com/jobs/559425/?q=react
MUFG,Modern Infrastructure and Security Architect - Remote,No office location,8d ago,https://stackoverflow.com/jobs/559431/?q=react
NN Group N.V.,Engineer Onboarding & Authentication,"Den Haag, Netherlands",20d ago,https://stackoverflow.com/jobs/557646/?q=react
HeidelbergCement AG,Senior Manager Data & Software Engineering for Emerging Markets (f/m/d),"Heidelberg, Deutschland",13d ago,https://stackoverflow.com/jobs/558883/?q=react
Outschool,iOS Engineer,No office location,14d ago,https://stackoverflow.com/jobs/565872/?q=react
SSENSE,Senior Software Developer (Remote - Texas),No office location,7d ago,https://stackoverflow.com/jobs/528661/?q=react
Signal AI,Software Engineer - Build the next generation of AI platform,"London, UK",27d ago,https://stackoverflow.com/jobs/246027/?q=react
Captivation Software,Python Software Engineer,"Fort Meade, MD",5d ago,https://stackoverflow.com/jobs/525426/?q=react
Slido,Senior Front End Engineer (Remote),"Bratislava, Slovakia",15d ago,https://stackoverflow.com/jobs/519966/?q=react
eBay,Senior Java Software Engineer,"London, UK",20d ago,https://stackoverflow.com/jobs/566198/?q=react
Hubble Pte Ltd,Senior Software Engineer/Software Engineer,Singapore,30d ago,https://stackoverflow.com/jobs/533974/?q=react
BET Software,Mobile Application Engineer,"Umhlanga, South Africa",20d ago,https://stackoverflow.com/jobs/566270/?q=react
Datasembly,Software Engineer- Functional Programming,No office location,15d ago,https://stackoverflow.com/jobs/519800/?q=react
LeoVegas Mobile Gaming Group,JavaScript Engineer,"Stockholm, Sweden",18h ago,https://stackoverflow.com/jobs/386114/?q=react
Marketer Technologies AS,Senior Ruby on Rails developer,"Oslo, Norway",8d ago,https://stackoverflow.com/jobs/518196/?q=react
Forge,Engineering Manager,"San Francisco, CA",19d ago,https://stackoverflow.com/jobs/523953/?q=react
Amaris.AI,Senior ML Engineer,Singapore,2h ago,https://stackoverflow.com/jobs/533811/?q=react
incubed IT,UX/UI Developer in Autonomous Mobile Robotics,"Hart bei Graz, Österreich",29d ago,https://stackoverflow.com/jobs/514341/?q=react
Self Decode,QA Tester,No office location,25d ago,https://stackoverflow.com/jobs/561041/?q=react
Aha!,Sr. Ruby on Rails Engineer (React.js),None,,https://weworkremotely.com/remote-jobs/aha-sr-ruby-on-rails-engineer-react-js-3
Aha!,Lead Ruby on Rails Engineer (React.js),None,,https://weworkremotely.com/remote-jobs/aha-lead-ruby-on-rails-engineer-react-js-1
Aha!,Sr. Ruby on Rails Engineer (React.js),None,,https://weworkremotely.com/remote-jobs/aha-sr-ruby-on-rails-engineer-react-js-2
Aha!,Ruby on Rails Engineer (React.js / Javascript),None,,https://weworkremotely.com/remote-jobs/aha-ruby-on-rails-engineer-react-js-javascript-1
Files.com,Frontend Engineer (ES8/React/Redux/Saga),None,,https://weworkremotely.com/remote-jobs/files-com-frontend-engineer-es8-react-redux-saga
BidWrangler,React developer,None,Feb 16,https://weworkremotely.com/remote-jobs/bidwrangler-react-developer
Combined,Full Stack Node.js Express React Developer - with share options,None,Feb 10,https://weworkremotely.com/remote-jobs/combined-full-stack-node-js-express-react-developer-with-share-options-2
Juni,Software Engineer - React Native,None,Feb 7,https://weworkremotely.com/remote-jobs/juni-software-engineer-react-native
Synergy Sports,Senior Full-Stack (React Typescript) Engineer,None,Feb 7,https://weworkremotely.com/remote-jobs/synergy-sports-senior-full-stack-react-typescript-engineer
Synergy Sports,Senior Full-Stack (React +Typescript) Engineer,None,Feb 6,https://weworkremotely.com/remote-jobs/synergy-sports-senior-full-stack-react-typescript-engineer-1
OpenCraft,"Senior Open Source Developer & DevOps (Python, Django, React, AWS/OpenStack)",None,,https://weworkremotely.com/remote-jobs/opencraft-senior-open-source-developer-devops-python-django-react-aws-openstack
LexShares,Full Stack Engineer - Ruby on Rails / React.js,None,Feb 3,https://weworkremotely.com/remote-jobs/lexshares-full-stack-engineer-ruby-on-rails-react-js
Nebulab,Engineering Manager (Ruby on Rails/React),None,Feb 3,https://weworkremotely.com/remote-jobs/nebulab-engineering-manager-ruby-on-rails-react
Brightline Health,Senior Full Stack (Rails/React) Engineer,None,Jan 29,https://weworkremotely.com/remote-jobs/brightline-health-senior-full-stack-rails-react-engineer
Producement,Senior Java & React Engineer,None,Jan 28,https://weworkremotely.com/remote-jobs/producement-senior-java-react-engineer
User Interviews,Ruby on Rails / React Software Engineer,None,Feb 25,https://weworkremotely.com/remote-jobs/user-interviews-ruby-on-rails-react-software-engineer-2
ConvertKit,Full Stack Engineer (React/Rails),None,Feb 23,https://weworkremotely.com/remote-jobs/convertkit-full-stack-engineer-react-rails-1
Raketech Group,Full Stack (React/PHP) Developer,None,Feb 18,https://weworkremotely.com/remote-jobs/raketech-group-full-stack-react-php-developer
Verb™,PHP and/or React Developer,None,Feb 17,https://weworkremotely.com/remote-jobs/verb-php-and-or-react-developer
LOCI Inc.,Javascript/React Developer - Mid Level (Remote - within Canada only),None,Feb 14,https://weworkremotely.com/remote-jobs/loci-inc-javascript-react-developer-mid-level-remote-within-canada-only
komoot,Senior Web Developer - Node/ReactJS,None,Feb 13,https://weworkremotely.com/remote-jobs/komoot-senior-web-developer-node-reactjs-2
Hatch.co,"Lead React/Redux Engineer, eCommerce",None,Feb 9,https://weworkremotely.com/listings/hatch-co-lead-react-redux-engineer-ecommerce
Circle,Lead Software Engineer (Rails/React),None,Feb 2,https://weworkremotely.com/remote-jobs/circle-lead-software-engineer-rails-react
Relevant Bits,Full-Stack Javascript Developer - React & Node.js,None,Feb 2,https://weworkremotely.com/remote-jobs/relevant-bits-full-stack-javascript-developer-react-node-js
EverWash,Full Stack Engineer (React Native),None,Feb 1,https://weworkremotely.com/remote-jobs/everwash-full-stack-engineer-react-native
Impossible Bureau,Full-time Web Developer - React (Remote),None,Feb 1,https://weworkremotely.com/listings/impossible-bureau-full-time-web-developer-react-remote
X-Team,React Native Developer,None,Jan 31,https://weworkremotely.com/remote-jobs/x-team-react-native-developer-4
"Upstack Technologies, Inc.",React.js Software Developer - Remote,None,,https://weworkremotely.com/remote-jobs/upstack-technologies-inc-react-js-software-developer-remote
Toptal,Senior React Native Developer,None,,https://weworkremotely.com/remote-jobs/toptal-senior-react-native-developer
Waldo Photos,"Frontend Engineer (React, GraphQL)",None,,https://weworkremotely.com/remote-jobs/waldo-photos-frontend-engineer-react-graphql
Toptal,Senior React Developer,None,,https://weworkremotely.com/remote-jobs/toptal-senior-react-developer
Omure,Senior Front-End Engineer - React.js / Next.js,None,,https://weworkremotely.com/remote-jobs/omure-senior-front-end-engineer-react-js-next-js-1
Contra,Senior Frontend Engineer: React ($130k-$160k +equity),None,,https://weworkremotely.com/remote-jobs/contra-senior-frontend-engineer-react-130k-160k-equity
InvergeHQ,React Native Engineer,None,,https://weworkremotely.com/remote-jobs/invergehq-react-native-engineer
G2i Inc.,Remote Contract React Developer,None,Feb 13,https://weworkremotely.com/remote-jobs/g2i-inc-remote-contract-react-developer
Spline,Senior Frontend Engineer (React/ThreeJS),None,Feb 13,https://weworkremotely.com/remote-jobs/spline-senior-frontend-engineer-react-threejs
Nebulab,Senior React Engineer,None,Feb 11,https://weworkremotely.com/remote-jobs/nebulab-senior-react-engineer
Locally,Frontend Developer with React or Vue Experience,None,Feb 10,https://weworkremotely.com/remote-jobs/locally-frontend-developer-with-react-or-vue-experience
Chameleon,React Developer,None,Feb 9,https://weworkremotely.com/remote-jobs/chameleon-react-developer-1
Clevertech,Senior Javascript Engineer - React,None,Feb 8,https://weworkremotely.com/remote-jobs/clevertech-senior-javascript-engineer-react
Synergy Sports,React Software Engineer,None,Feb 7,https://weworkremotely.com/remote-jobs/synergy-sports-react-software-engineer
"TheoremOne, LLC",Remote Experienced Frontend Engineer - React,None,Feb 4,https://weworkremotely.com/remote-jobs/theorem-llc-remote-experienced-frontend-engineer-react
G2i Inc.,Remote Contract React Native Engineer,None,Feb 3,https://weworkremotely.com/remote-jobs/g2i-inc-remote-contract-react-native-engineer-7
SocialHub,ReactJS Web Developer - Remote/SaaS (m/f/d),None,Feb 2,https://weworkremotely.com/remote-jobs/socialhub-reactjs-web-developer-remote-saas-m-f-d
Omure,Senior Front-End Engineer - React.js / Next.js,None,Feb 2,https://weworkremotely.com/remote-jobs/omure-senior-front-end-engineer-react-js-next-js
Conduktor Inc,Front-end Engineer React/TS — Remote,None,Feb 1,https://weworkremotely.com/remote-jobs/conduktor-inc-front-end-engineer-react-ts-remote
CompanyCam,Senior Client Engineer (React & React Native),None,Jan 28,https://weworkremotely.com/remote-jobs/companycam-senior-client-engineer-react-react-native
BuildBook,React Software Engineer,None,Feb 26,https://weworkremotely.com/remote-jobs/buildbook-react-software-engineer
Faqx,"Senior Front-End Engineer (React, TypeScript, GraphQL)",None,Feb 21,https://weworkremotely.com/remote-jobs/faqx-senior-front-end-engineer-react-typescript-graphql
EventMobi,Senior Front End Developer (React/Redux),None,Feb 18,https://weworkremotely.com/remote-jobs/eventmobi-senior-front-end-developer-react-redux
DevSquad,Senior React Developer,None,Feb 17,https://weworkremotely.com/listings/devsquad-senior-react-developer
Payoneer Merchant Services,React Frontend Developer (m/f/d),None,Feb 17,https://weworkremotely.com/remote-jobs/payoneer-germany-gmbh-react-frontend-developer-m-f-d-1
Kodify Media Group,Frontend Developer - React,None,Feb 17,https://weworkremotely.com/remote-jobs/kodify-media-group-frontend-developer-react
Kodify Media Group,Senior Frontend Developer - React,None,Feb 17,https://weworkremotely.com/remote-jobs/kodify-media-group-senior-frontend-developer-react
BigBinary,React.js Engineer - India - 100% Remote,None,Feb 15,https://weworkremotely.com/remote-jobs/bigbinary-react-js-engineer-india-100-remote
Innovation Upstream Inc,Senior React Developer,None,Feb 14,https://weworkremotely.com/remote-jobs/innovation-upstream-inc-senior-react-developer
Whitespectre,React Native Engineer,None,Feb 14,https://weworkremotely.com/remote-jobs/whitespectre-react-native-engineer
Maharishi Foundation International,Senior Front-End React Native Engineer,None,Feb 13,https://weworkremotely.com/remote-jobs/maharishi-foundation-international-senior-front-end-react-native-engineer-2
Ecochain Technologies,Front-end developer (React | SaaS | Sustainability),None,Feb 12,https://weworkremotely.com/remote-jobs/ecochain-technologies-front-end-developer-react-saas-sustainability
Pictureworks Group Pty. Ltd.,Experienced React Developer,None,Feb 8,https://weworkremotely.com/remote-jobs/pictureworks-group-pty-ltd-experienced-react-developer
RemoteLock,React Native / Mobile and Web Senior Engineer,None,Feb 4,https://weworkremotely.com/remote-jobs/remotelock-react-native-mobile-and-web-senior-engineer-2
Peanut,"Senior Software Engineer (Web, React)",None,Feb 4,https://weworkremotely.com/remote-jobs/peanut-senior-software-engineer-web-react
Palo Alto Insight LLC,Senior Frontend Web Developer (React),None,Feb 4,https://weworkremotely.com/remote-jobs/palo-alto-insight-llc-senior-frontend-web-developer-react-1
Circle,Senior Front-End Engineer (React Native),None,Feb 2,https://weworkremotely.com/remote-jobs/circle-senior-front-end-engineer-react-native
